{
    "MAJOR_US": {
        "static": {
            "1/1": "New Year's Day",
            "2/2": "Groundhog Day",
            "2/14": "Valentine's Day",
            "3/17": "St. Patrick's Day",
            "4/22": "Earth Day",
            "7/4": "Independence Day",
            "9/11": "Patriot Day",
            "10/31": "Halloween",
            "11/11": "Veterans' Day",
            "12/7": "Pearl Harbor Day",
            "12/25": "Christmas Day",
            "12/31": "New Year's Eve"
        },
        "dynamic": {
            "1/19/2015": "MLK Day",
            "1/18/2016": "MLK Day",
            "1/16/2017": "MLK Day",
            "1/15/2018": "MLK Day",
            "1/21/2019": "MLK Day",
            "1/20/2020": "MLK Day",
            "2/16/2015": "Presidents' Day",
            "2/15/2016": "Presidents' Day",
            "2/20/2017": "Presidents' Day",
            "2/19/2018": "Presidents' Day",
            "2/18/2019": "Presidents' Day",
            "2/17/2020": "Presidents' Day",
            "5/10/2015": "Mother's Day",
            "5/8/2016": "Mother's Day",
            "5/14/2017": "Mother's Day",
            "5/13/2018": "Mother's Day",
            "5/12/2019": "Mother's Day",
            "5/10/2020": "Mother's Day",
            "5/25/2015": "Memorial Day",
            "5/30/2016": "Memorial Day",
            "5/29/2017": "Memorial Day",
            "5/28/2018": "Memorial Day",
            "5/27/2019": "Memorial Day",
            "5/25/2020": "Memorial Day",
            "6/21/2015": "Father's Day",
            "6/19/2016": "Father's Day",
            "6/18/2017": "Father's Day",
            "6/17/2018": "Father's Day",
            "6/16/2019": "Father's Day",
            "6/21/2020": "Father's Day",
            "9/7/2015": "Labor Day",
            "9/5/2016": "Labor Day",
            "9/4/2017": "Labor Day",
            "9/3/2018": "Labor Day",
            "9/2/2019": "Labor Day",
            "9/7/2020": "Labor Day",
            "10/12/2015": "Columbus Day",
            "10/10/2016": "Columbus Day",
            "10/9/2017": "Columbus Day",
            "10/8/2018": "Columbus Day",
            "10/14/2019": "Columbus Day",
            "10/12/2020": "Columbus Day",
            "11/26/2015": "Thanksgiving Day",
            "11/24/2016": "Thanksgiving Day",
            "11/23/2017": "Thanksgiving Day",
            "11/22/2018": "Thanksgiving Day",
            "11/28/2019": "Thanksgiving Day",
            "11/26/2020": "Thanksgiving Day"
        }
    },
    "MAJOR_CA": {
        "static": {
            "1/1": "New Year's Day",
            "2/2": "Groundhog Day",
            "2/14": "Valentine's Day",
            "7/1": "Canada Day",
            "11/11": "Remembrance Day",
            "12/25": "Christmas Day",
            "12/26": "Boxing Day",
            "12/31": "New Year's Eve"
        },
        "dynamic": {
            "5/10/2015": "Mother's Day",
            "5/8/2016": "Mother's Day",
            "5/14/2017": "Mother's Day",
            "5/13/2018": "Mother's Day",
            "5/12/2019": "Mother's Day",
            "5/10/2020": "Mother's Day",
            "5/18/2015": "Victoria Day",
            "5/23/2016": "Victoria Day",
            "5/22/2017": "Victoria Day",
            "5/21/2018": "Victoria Day",
            "5/20/2019": "Victoria Day",
            "5/18/2020": "Victoria Day",
            "6/21/2015": "Father's Day",
            "6/19/2016": "Father's Day",
            "6/18/2017": "Father's Day",
            "6/17/2018": "Father's Day",
            "6/16/2019": "Father's Day",
            "6/21/2020": "Father's Day",
            "9/7/2015": "Labour Day",
            "9/5/2016": "Labour Day",
            "9/4/2017": "Labour Day",
            "9/3/2018": "Labour Day",
            "9/2/2019": "Labour Day",
            "9/7/2020": "Labour Day",
            "10/12/2015": "Thanksgiving Day",
            "10/10/2016": "Thanksgiving Day",
            "10/9/2017": "Thanksgiving Day",
            "10/8/2018": "Thanksgiving Day",
            "10/14/2019": "Thanksgiving Day",
            "10/12/2020": "Thanksgiving Day"
        }
    },
    "CHRISTIAN": {
        "static": {
            "12/24": "Christmas Eve",
            "12/25": "Christmas Day"
        },
        "dynamic": {
            "2/18/2015": "Ash Wednesday",
            "2/10/2016": "Ash Wednesday",
            "3/1/2017": "Ash Wednesday",
            "2/14/2018": "Ash Wednesday",
            "3/6/2019": "Ash Wednesday",
            "2/26/2020": "Ash Wednesday",
            "3/29/2015": "Palm Sunday",
            "3/20/2016": "Palm Sunday",
            "4/9/2017": "Palm Sunday",
            "3/25/2018": "Palm Sunday",
            "4/14/2019": "Palm Sunday",
            "4/5/2020": "Palm Sunday",
            "4/3/2015": "Good Friday",
            "3/25/2016": "Good Friday",
            "4/14/2017": "Good Friday",
            "3/30/2018": "Good Friday",
            "4/19/2019": "Good Friday",
            "4/10/2020": "Good Friday",
            "4/5/2015": "Easter Sunday",
            "3/27/2016": "Easter Sunday",
            "4/16/2017": "Easter Sunday",
            "4/1/2018": "Easter Sunday",
            "4/21/2019": "Easter Sunday",
            "4/12/2020": "Easter Sunday"
        }
    },
    "JEWISH": {
        "static": {},
        "dynamic": {
            "4/3/2015": "Passover (Begin)",
            "4/11/2015": "Passover (End)",
            "4/22/2016": "Passover (Begin)",
            "4/30/2016": "Passover (End)",
            "4/10/2017": "Passover (Begin)",
            "4/18/2017": "Passover (End)",
            "3/30/2018": "Passover (Begin)",
            "4/7/2018": "Passover (End)",
            "4/19/2019": "Passover (Begin)",
            "4/27/2019": "Passover (End)",
            "4/8/2020": "Passover (Begin)",
            "4/16/2020": "Passover (End)",
            "9/13/2015": "Rosh Hashanah (Begin)",
            "9/15/2015": "Rosh Hashanah (End)",
            "10/2/2016": "Rosh Hashanah (Begin)",
            "10/4/2016": "Rosh Hashanah (End)",
            "9/20/2017": "Rosh Hashanah (Begin)",
            "9/22/2017": "Rosh Hashanah (End)",
            "9/9/2018": "Rosh Hashanah (Begin)",
            "9/11/2018": "Rosh Hashanah (End)",
            "9/29/2019": "Rosh Hashanah (Begin)",
            "10/1/2019": "Rosh Hashanah (End)",
            "9/18/2020": "Rosh Hashanah (Begin)",
            "9/20/2020": "Rosh Hashanah (End)",
            "9/22/2015": "Yom Kippur (Begin)",
            "9/23/2015": "Yom Kippur (End)",
            "10/11/2016": "Yom Kippur (Begin)",
            "10/12/2016": "Yom Kippur (End)",
            "9/29/2017": "Yom Kippur (Begin)",
            "9/30/2017": "Yom Kippur (End)",
            "9/18/2018": "Yom Kippur (Begin)",
            "9/19/2018": "Yom Kippur (End)",
            "10/8/2019": "Yom Kippur (Begin)",
            "10/9/2019": "Yom Kippur (End)",
            "9/27/2020": "Yom Kippur (Begin)",
            "9/28/2020": "Yom Kippur (End)",
            "9/27/2015": "Sukkot (Begin)",
            "10/4/2015": "Sukkot (End)",
            "10/16/2016": "Sukkot (Begin)",
            "10/23/2016": "Sukkot (End)",
            "10/4/2017": "Sukkot (Begin)",
            "10/11/2017": "Sukkot (End)",
            "9/23/2018": "Sukkot (Begin)",
            "9/30/2018": "Sukkot (End)",
            "10/13/2019": "Sukkot (Begin)",
            "10/20/2019": "Sukkot (End)",
            "10/2/2020": "Sukkot (Begin)",
            "10/9/2020": "Sukkot (End)",
            "12/6/2015": "Hanukkah (Begin)",
            "12/14/2015": "Hanukkah (End)",
            "12/24/2016": "Hanukkah (Begin)",
            "1/1/2017": "Hanukkah (End)",
            "12/12/2017": "Hanukkah (Begin)",
            "12/20/2017": "Hanukkah (End)",
            "12/2/2018": "Hanukkah (Begin)",
            "12/10/2018": "Hanukkah (End)",
            "12/22/2019": "Hanukkah (Begin)",
            "12/30/2019": "Hanukkah (End)",
            "12/10/2020": "Hanukkah (Begin)",
            "12/18/2020": "Hanukkah (End)"
        }
    }
}
